trades,win_rate,avg_trade_return,sharpe_per_trade,holding_days,cost_bps
2527,0.49188761377127027,0.003048091202563978,0.0685153924169906,5,10
