trades,win_rate,avg_trade_return,sharpe_per_trade,holding_days,cost_bps
2892,0.5010373443983402,0.00355339269018796,0.07831439688467566,5,10
