mention_count_bin,trades,win_rate,avg,median,sharpe
0,5418.0,0.46419342930970836,-0.00040486890241249273,-0.00219770050347405,-0.009747460009617742
