mention_count_bin,trades,win_rate,avg,median,sharpe
0,4419.0,0.4571169947952025,-0.0004508150412063182,-0.002684969559109,-0.011010232733328655
