sentiment_score_bin,trades,win_rate,avg,median,sharpe
0,5223.0,0.46314378709553894,-0.00046177948132812194,-0.002285979538136,-0.01115250149988668
1,195.0,0.49230769230769234,0.0011194590651584435,-0.0012296117925626,0.024896757945890146
